https://json-schema.org/draft/2019-09/meta/applicator	draft/2019-09/meta/applicator.json
https://json-schema.org/draft/2019-09/meta/content	draft/2019-09/meta/content.json
https://json-schema.org/draft/2019-09/meta/core	draft/2019-09/meta/core.json
https://json-schema.org/draft/2019-09/meta/format	draft/2019-09/meta/format.json
https://json-schema.org/draft/2019-09/meta/meta-data	draft/2019-09/meta/meta-data.json
https://json-schema.org/draft/2019-09/meta/validation	draft/2019-09/meta/validation.json
https://json-schema.org/draft/2019-09/schema	draft/2019-09/schema.json
https://json-schema.org/draft/2020-12/meta/applicator	draft/2020-12/meta/applicator.json
https://json-schema.org/draft/2020-12/meta/content	draft/2020-12/meta/content.json
https://json-schema.org/draft/2020-12/meta/core	draft/2020-12/meta/core.json
https://json-schema.org/draft/2020-12/meta/format-annotation	draft/2020-12/meta/format-annotation.json
https://json-schema.org/draft/2020-12/meta/format-assertion	draft/2020-12/meta/format-assertion.json
https://json-schema.org/draft/2020-12/meta/meta-data	draft/2020-12/meta/meta-data.json
https://json-schema.org/draft/2020-12/meta/unevaluated	draft/2020-12/meta/unevaluated.json
https://json-schema.org/draft/2020-12/meta/validation	draft/2020-12/meta/validation.json
https://json-schema.org/draft/2020-12/schema	draft/2020-12/schema.json
http://json-schema.org/draft-04/schema	draft-04/schema.json
http://json-schema.org/draft-06/schema	draft-06/schema.json
http://json-schema.org/draft-07/schema	draft-07/schema.json
